<?xml version="1.0" encoding="utf-8" standalone="yes" ?>
<Window size="550,500" caption="0,0,0,30" roundcorner="3,3">
  <Font name="微软雅黑" size="13" bold="true" />
  <Font name="宋体" size="12" bold="false" />
  <Font name="微软雅黑" size="16" bold="true" />

  <Style name="bntStyle1" share="true" value="width=&quot;65&quot; font=&quot;1&quot;  align=&quot;center&quot; valign=&quot;vcenter&quot; textcolor=&quot;0xff333333&quot; disabledtextcolor=&quot;#FFA7A6AA&quot; align=&quot;center&quot; normalimage=&quot;file=&apos;Vbtn.png&apos; source=&apos;0,0,68,28&apos;&quot; hotimage=&quot;file=&apos;Vbtn.png&apos; source=&apos;68,0,136,28&apos;&quot; pushedimage=&quot;file=&apos;Vbtn.png&apos; source=&apos;136,0,204,28&apos;&quot;" />

  <Style name="optStyle1" value="align=&quot;center&quot; textcolor=&quot;#FF000000&quot; textalign=&quot;center&quot; normalimage=&quot;file=&apos;Sel2.png&apos; source=&apos;0,0,60,36&apos;&quot; hotimage=&quot;file=&apos;Sel2.png&apos; source=&apos;60,0,120,36&apos; &quot; selectedimage=&quot;file=&apos;Sel2.png&apos; source=&apos;120,0,180,36&apos;&quot;" />

  <Include source="scrollbar.xml" />
  <VerticalLayout bkimage="file='login_bg.png' corner='3,3,3,3'" inset="1,1,1,1">
    <HorizontalLayout height="30" bkcolor="0xff5192d4" inset="0,0,3,0">

      <Label name="lb_Tilte" text="时间同步助手配置界面" height="30" bkcolor="0xff5192d4" textcolor="#ffffffff"  align="center" valign="vcenter" textpadding="5,3,0,0"/>
      <Button name="bnt_Exit" bordersize="0" width="24" height="20" tooltip="最小化到托盘" normalimage="file=&apos;sys_dlg_close.png&apos; source=&apos;0,0,24,20&apos;" hotimage="file=&apos;sys_dlg_close.png&apos; source=&apos;24,0,48,20&apos;" pushedimage="file=&apos;sys_dlg_close.png&apos; source=&apos;48,0,72,20&apos;" />
    </HorizontalLayout>

    <VerticalLayout inset="2,7,2,2" >

      <HorizontalLayout height="30" bordercolor="#ffc4c4c4" bordersize="1" inset="2,2,2,2" >
        <Control />
        <Button name="bnt_InstallService" text="安装服务" style="bntStyle1" />
        <Control />
        <Button name="bnt_DelService" text="删除服务" style="bntStyle1"/>
        <Control />
        <Button name="bnt_startService" text="启动服务" style="bntStyle1" />
        <Control />
        <Button name="bnt_stopService" text="关闭服务" style="bntStyle1"/>
        <Control />
        <Button name="bnt_Note" text="说明" style="bntStyle1"/>
        <Control /> 
        <Button name="bnt_src" text="源码" style="bntStyle1" />
        <Control />
        <Button name="bnt_bolg" text="帮助" style="bntStyle1"/>
        <Control />
      </HorizontalLayout>

      <Control height="5"/>
      <HorizontalLayout height="36" inset="2,2,10,2" bordercolor="#ffc4c4c4" bordersize="1">
        <Label text=" 时间服务器:" width="80" />
        <Combo name="cm_SType" padding="0,2,0,2"  normalimage="file=&apos;sel_bg.png&apos; source=&apos;0,0,206,27&apos; corner=&apos;2,2,24,2&apos;" pushedimage="file='sel_bg.png' source=&apos;206,0,412,27&apos; corner='2,2,24,2'" textpadding="8,0,0,0" itemtextpadding="5,0,0,0" disabledtextcolor="#FFA7A6AA" >
        </Combo>
        <Button name="bnt_Del" text="删除" style="bntStyle1"/>
      </HorizontalLayout>

      <Control height="5"/>

      <HorizontalLayout height="75" inset="2,2,5,2" bordercolor="#ffc4c4c4" bordersize="1">

        <VerticalLayout>

          <HorizontalLayout  height="34" inset="2,2,2,2">
            <Label text=" 服务器名称:" width="80" />
            <edit name="et_addNtpName" padding="0,5,0,2" bordercolor="#FF4EA0D1" bordersize="1" />
          </HorizontalLayout>

          <Control height="2"/>

          <HorizontalLayout height="34" inset="2,2,2,2">
            <Label text=" 服务器地址:" width="80" />
            <edit name="et_addNtpAddress" padding="0,2,0,5" bordercolor="#FF4EA0D1" bordersize="1" />
          </HorizontalLayout>

        </VerticalLayout>

        <Control width="5"/>

        <VerticalLayout  width="85">
          <Control />
          <Button name="bnt_Add" text="添加" height="30" style="bntStyle1"/>
          <Control />
        </VerticalLayout>

      </HorizontalLayout>

      <Control height="5"/>
      <HorizontalLayout height="38" inset="2,1,10,1" bkcolor="#ffddeffd" bkcolor2="#ffe9f6ff" bordercolor="#ffc4c4c4" bordersize="1">
        <Label text=" 时间同步方式:" width="100" />
        <Option name="opt_RunOnce"      text="开机同步"  style="optStyle1" group="SyncType" selected="true"/>
        <Option name="opt_SyncByTime"   text="定时同步"  style="optStyle1" group="SyncType" />
        <HorizontalLayout name="s_pan" inset="2,2,0,2">
          <Label text="每隔:" width="33" />
          <edit name="et_Stime" text="5" padding="0,2,3,2" textpadding="5,1,1,1" width="45" bordercolor="#FF4EA0D1" bordersize="1" />
          <Label text="分钟同步一次" />
        </HorizontalLayout>
      </HorizontalLayout>

      <Control height="5"/>

      <HorizontalLayout height="65" bordercolor="#ffc4c4c4" bordersize="1">

        <VerticalLayout>

          <HorizontalLayout height="30" inset="2,2,10,2">
            <Label text=" 本地时间:" width="60" />
            <Label name="lb_lTime" text="" padding="0,2,0,2" bordercolor="#FF4EA0D1" bordersize="1" textpadding="10,0,0,0" />
          </HorizontalLayout>

          <Control height="5"/>

          <HorizontalLayout height="30" inset="2,2,10,2">
            <Label text=" 网络时间:" width="60" />
            <Label name="lb_nTime" text="" padding="0,2,0,2" bordercolor="#FF4EA0D1" bordersize="1" textpadding="10,0,0,0" />
          </HorizontalLayout>

        </VerticalLayout>

        <Control width="5"/>
        <VerticalLayout  width="85">
          <Control />
          <Button name="bnt_UpTime" text="同步时间" height="30" style="bntStyle1"/>
          <Control />
        </VerticalLayout>

      </HorizontalLayout>

      <Control height="2"/>
      <HorizontalLayout height="40" inset="2,2,2,2" bordercolor="#ffc4c4c4" bordersize="1" bkcolor="#ffddeffd" bkcolor2="#ffe9f6ff" >
        <Label text=" 日志记录方式:" width="85" />
        <Option name="opt_LogInfo"   text="记录信息和错误"  style="optStyle1" group="LogType" selected="true"/>
        <Option name="opt_LogErr"    text="只记录错误"      style="optStyle1" group="LogType" />
        <Option name="opt_LogNone"   text="不记录日志"      style="optStyle1" group="LogType" />
      </HorizontalLayout>


      <RichEdit name="et_Logs" textpadding="5,1,1,1" padding="0,5,0,5" bordercolor="#ffc4c4c4" bordersize="1" textcolor="#FF000000" disabledtextcolor="#FF000000"  hscrollbar="true" vscrollbar="true" />
    </VerticalLayout>
  </VerticalLayout>
</Window>
