<?xml version="1.0" encoding="utf-8" standalone="yes" ?>
<Window size="990,580" caption="0,0,0,30" roundcorner="3,3">
  <Font name="微软雅黑" size="13" bold="true" />
  <Style name="bntStyle1" share="true" value="width=&quot;65&quot; font=&quot;1&quot;  align=&quot;center&quot; valign=&quot;vcenter&quot; textcolor=&quot;0xff333333&quot; disabledtextcolor=&quot;#FFA7A6AA&quot; align=&quot;center&quot; normalimage=&quot;file=&apos;Vbtn.png&apos; source=&apos;0,0,68,28&apos;&quot; hotimage=&quot;file=&apos;Vbtn.png&apos; source=&apos;68,0,136,28&apos;&quot; pushedimage=&quot;file=&apos;Vbtn.png&apos; source=&apos;136,0,204,28&apos;&quot;" />

  <Include source="scrollbar.xml" />
  <VerticalLayout bkimage="file='login_bg.png' corner='3,3,3,3'" inset="1,1,1,1">
    <HorizontalLayout height="30" bkcolor="0xff5192d4" inset="0,0,3,0">

      <Label name="lb_Tilte" text="时间同步助手说明" height="30" align="center" valign="vcenter" bkcolor="0xff5192d4" textcolor="#ffffffff" textpadding="5,3,0,0"/>
      <Button name="closebtn" bordersize="0" width="24" height="20" normalimage="file=&apos;sys_dlg_close.png&apos; source=&apos;0,0,24,20&apos;" hotimage="file=&apos;sys_dlg_close.png&apos; source=&apos;24,0,48,20&apos;" pushedimage="file=&apos;sys_dlg_close.png&apos; source=&apos;48,0,72,20&apos;" />
    </HorizontalLayout>

    <RichEdit name="et_Logs" textpadding="5,1,1,1" padding="2,2,2,2" /> 
  </VerticalLayout>
</Window>
